{
  "random_forest": {
    "name": "Random Forest",
    "accuracy": 0.76657824933687,
    "precision": 0.75,
    "recall": 0.7978723404255319,
    "f1": 0.7731958762886598,
    "auc": 0.8505291005291005
  },
  "gradient_boosting": {
    "name": "XGBoost (GPU)",
    "accuracy": 0.7824933687002652,
    "precision": 0.7704081632653061,
    "recall": 0.8031914893617021,
    "f1": 0.7864583333333334,
    "auc": 0.8548069345941687
  },
  "top_features": {
    "Age": 0.18101550241817216,
    "SS": 0.17320890337112227,
    "Oscore": 0.15597176845839208,
    "Cscore": 0.13967618786217748,
    "Nscore": 0.09708500039830813,
    "Escore": 0.09344825783404576,
    "Ascore": 0.08733405847895101,
    "Impulsive": 0.0722603211788311
  },
  "dataset": {
    "rows": 1885,
    "features": 8,
    "train": 1508,
    "test": 377
  }
}